,Fecha,TIPO GASTO,TC,TOTAL SAT
0,2022-01-01,ARRENDAMIENTO FINANCIERO,1.0,6439.6
1,2022-01-01,ARRENDAMIENTO FINANCIERO,1.0,6440.3
2,2022-01-01,COMISION BANCARIA,1.0,0.0
3,2022-01-01,MTTO COMPUTO,1.0,417.6
4,2022-01-01,ARRENDAMIENTO FINANCIERO,1.0,0.0
5,2022-01-01,ARRENDAMIENTO FINANCIERO,1.0,0.0
6,2022-01-01,ALIMENTOS,1.0,78.0
7,2022-01-01,NO DEDUCIBLE,1.0,3644.2
8,2022-01-01,NO DEDUCIBLE,1.0,399.0
9,2022-01-01,NO DEDUCIBLE,1.0,-389.0
10,2022-01-01,COMISION BANCARIA,1.0,0.0
11,2022-01-01,COMISION BANCARIA,20.4672,0.0
12,2022-01-01,COMISION BANCARIA,1.0,0.0
13,2022-01-01,HONORARIOS CONTABLES,1.0,5100.01
14,2022-01-01,CAPACITACION,1.0,5270.0
15,2022-01-01,HONORARIOS JURIDICOS,1.0,2990.09
16,2022-01-01,COMISION MIXTA,1.0,25776.61
17,2022-01-01,GASOLINA,1.0,10348.0
18,2022-01-01,ALIMENTOS,1.0,245.0
19,2022-01-01,MTTO COMPUTO,1.0,329.44
20,2022-01-01,MONITOREO CAMARAS ADT,1.0,1498.7
21,2022-01-01,ARRENDAMIENTO LOCAL,1.0,24786.66
22,2022-01-01,MEDICOS,1.0,417.6
23,2022-01-01,GASTOS IMPORTACION ,20.3977,371.2
24,2022-01-01,RENTA COPIADORA,1.0,0.0
25,2022-01-01,MTTO MAQUINARIA,1.0,12500.0
26,2022-01-01,TELEFONO,1.0,315.57
27,2022-01-01,TELEFONO,1.0,2066.1
28,2022-01-01,MONITOREO CAMARAS ADT,1.0,0.0
29,2022-01-01,GASOLINA,1.0,1334.28
30,2022-01-01,GASTOS IMPORTACION ,1.0,0.0
31,2022-01-01,MTTO COMPUTO,1.0,79.0
32,2022-01-01,DERECHOS,1.0,1434.0
33,2022-01-01,TELEFONO,1.0,0.0
34,2022-01-01,TELEFONO,1.0,0.0
35,2022-01-01,ALIMENTOS,1.0,156.0
36,2022-01-01,SUELDOS DIRECCION,1.0,55669.83
37,2022-01-01,SUSCRIPCIONES,1.0,8352.0
38,2022-01-01,ARRENDAMIENTO LOCAL,1.0,24786.66
39,2022-01-01,SEGUROS,1.0,-5319.18
40,2022-01-01,HONORARIOS JURIDICOS,1.0,1261.11
41,2022-01-01,MTTO COMPUTO,1.0,386.28
42,2022-01-01,COMISION MIXTA,1.0,10871.6
43,2022-01-01,ENERGIA ELECTRICA,1.0,4517.6
44,2022-01-01,MTTO OFICINA ,1.0,34800.0
45,2022-01-01,ALIMENTOS,1.0,399.0
46,2022-01-01,SUSCRIPCIONES,1.0,-224.1
47,2022-01-01,TELEFONO,1.0,263.1
48,2022-01-01,RENTA COPIADORA,1.0,2320.0
49,2022-01-01,GERENCIA ADMON,1.0,28600.0
50,2022-01-01,ALIMENTOS,1.0,78.0
51,2022-01-01,MEDICOS,1.0,3214.79
52,2022-01-01,MTTO MAQUINARIA,1.0,21460.0
53,2022-01-01,MTTO COMPUTO,1.0,7335.84
54,2022-01-01,MTTO LOCAL,1.0,0.0
55,2022-01-01,TELEFONO,1.0,0.01
56,2022-01-01,TELEFONO,1.0,98.0
57,2022-01-01,HONORARIOS JURIDICOS,1.0,1087.44
58,2022-01-01,INSTALACION ELECTRICA,1.0,80000.0
59,2022-01-01,COMISION MIXTA,1.0,9374.49
60,2022-01-01,MTTO LOCAL,1.0,0.0
61,2022-01-01,NO DEDUCIBLE,1.0,627.0
62,2022-01-01,MTTO OFICINA ,1.0,29000.0
63,2022-01-01,ALIMENTOS,1.0,320.0
64,2022-01-01,MTTO MAQUINARIA,1.0,5000.01
65,2022-01-01,MTTO MAQUINARIA,1.0,14005.6
66,2022-01-01,SEGUROS,1.0,0.0
67,2022-01-01,PAPELERIA,1.0,1434.84
68,2022-01-01,ALIMENTOS,1.0,156.0
69,2022-01-01,PAQUETERIA,1.0,0.0
70,2022-01-01,MTTO COMPUTO,1.0,0.0
71,2022-01-01,GASOLINA,1.0,1196.92
72,2022-01-01,PAPELERIA,1.0,1716.8
73,2022-01-01,PAQUETERIA,1.0,4060.0
74,2022-01-01,MTTO COMPUTO,1.0,3089.08
75,2022-01-01,TELEFONO,1.0,0.0
76,2022-01-01,COMISION BANCARIA,1.0,2610.0
77,2022-01-01,MTTO LOCAL,1.0,204.3
78,2022-01-01,NO DEDUCIBLE,1.0,1987.0
79,2022-01-01,DERECHOS,1.0,896.2
80,2022-01-01,DERECHOS,1.0,4280.0
81,2022-01-01,HONORARIOS JURIDICOS,1.0,1149.03
82,2022-01-01,COMISION MIXTA,1.0,9905.47
83,2022-01-01,ALIMENTOS,1.0,183.0
84,2022-01-01,ALIMENTOS,1.0,183.0
85,2022-01-01,TELEFONO,1.0,0.01
86,2022-01-01,SUSCRIPCIONES,1.0,224.1
87,2022-01-01,HOSPEDAJE,1.0,510.0
88,2022-01-01,PAQUETERIA,1.0,0.0
89,2022-01-01,TELEFONO,1.0,0.0
90,2022-01-01,TELEFONO,1.0,0.0
91,2022-01-01,CAPACITACION,1.0,6700.0
92,2022-01-01,ENERGIA ELECTRICA,1.0,0.0
93,2022-01-01,HOSPEDAJE,1.0,510.0
94,2022-01-01,ALIMENTOS,1.0,156.0
95,2022-01-01,ALIMENTOS,1.0,160.0
96,2022-01-01,ALIMENTOS,1.0,185.0
97,2022-01-01,HOSPEDAJE,1.0,510.0
98,2022-01-01,IMSS/INFONAVIT,1.0,50486.44
99,2022-01-01,MENSAJERIA,1.0,210.0
100,2022-01-01,TELEFONO,1.0,3470.2
101,2022-01-01,MTTO MAQUINARIA,1.0,0.0
102,2022-01-01,GASOLINA,1.0,1010.04
103,2022-01-01,DERECHOS,1.0,3222.46
104,2022-01-01,GERENCIA ADMON,1.0,28600.0
105,2022-01-01,COMISION BANCARIA,1.0,0.0
106,2022-01-01,COMISION BANCARIA,1.0,21566.81
107,2022-01-01,GASOLINA,1.0,9129.62
108,2022-02-01,ARRENDAMIENTO FINANCIERO,1.0,6439.6
109,2022-02-01,ARRENDAMIENTO FINANCIERO,1.0,6440.3
110,2022-02-01,COMISION BANCARIA,1.0,1136.8
111,2022-02-01,COMISION BANCARIA,1.0,0.0
112,2022-02-01,HOSPEDAJE,1.0,390.0
113,2022-02-01,HOSPEDAJE,1.0,390.0
114,2022-02-01,DERECHOS,1.0,289.0
115,2022-02-01,MAQUINARIA,1.0,2400.0
116,2022-02-01,GASOLINA,1.0,1280.22
117,2022-02-01,PAQUETERIA,1.0,4060.0
118,2022-02-01,CAPACITACION,1.0,5270.0
119,2022-02-01,CAPACITACION,1.0,11600.0
120,2022-02-01,ALIMENTOS,1.0,127.0
121,2022-02-01,ALIMENTOS,1.0,246.0
122,2022-02-01,ALIMENTOS,1.0,298.0
123,2022-02-01,SUBCONTRATOS,1.0,0.0
124,2022-02-01,CASETAS,1.0,172.0
125,2022-02-01,ALIMENTOS,1.0,72.0
126,2022-02-01,PAQUETERIA,1.0,1209.0
127,2022-02-01,MTTO COMPUTO,1.0,30.0
128,2022-02-01,PEAJES,1.0,344.0
129,2022-02-01,IMSS/INFONAVIT,1.0,51327.23
130,2022-02-01,CASETAS,1.0,113.0
131,2022-02-01,PEAJES,1.0,524.0
132,2022-02-01,GASOLINA,1.0,815.6
133,2022-02-01,CASETAS,1.0,670.0
134,2022-02-01,MONITOREO CAMARAS ADT,1.0,1498.7
135,2022-02-01,COMISION MIXTA,1.0,21609.75
136,2022-02-01,ARRENDAMIENTO FINANCIERO,1.0,0.0
137,2022-02-01,ARRENDAMIENTO FINANCIERO,1.0,0.0
138,2022-02-01,COMISION BANCARIA,1.0,0.0
139,2022-02-01,COMISION BANCARIA,20.6134,0.0
140,2022-02-01,COMISION BANCARIA,1.0,0.0
141,2022-02-01,MTTO COMPUTO,1.0,2900.0
142,2022-02-01,SUSCRIPCIONES,1.0,0.0
143,2022-02-01,SUSCRIPCIONES,1.0,0.0
144,2022-02-01,SUSCRIPCIONES,1.0,0.0
145,2022-02-01,SUSCRIPCIONES,1.0,0.0
146,2022-02-01,SUSCRIPCIONES,1.0,0.0
147,2022-02-01,SUSCRIPCIONES,1.0,0.0
148,2022-02-01,SUSCRIPCIONES,1.0,0.0
149,2022-02-01,SUSCRIPCIONES,1.0,0.0
150,2022-02-01,SUSCRIPCIONES,1.0,0.0
151,2022-02-01,SUSCRIPCIONES,1.0,0.0
152,2022-02-01,SUSCRIPCIONES,1.0,0.0
153,2022-02-01,SUSCRIPCIONES,1.0,0.0
154,2022-02-01,SUSCRIPCIONES,1.0,0.0
155,2022-02-01,SUSCRIPCIONES,1.0,0.0
156,2022-02-01,PAQUETERIA,1.0,0.0
157,2022-02-01,SEGUROS,1.0,1717.25
158,2022-02-01,HONORARIOS JURIDICOS,1.0,2506.73
159,2022-02-01,MTTO COMPUTO,1.0,438.48
160,2022-02-01,SUSCRIPCIONES,1.0,-224.1
161,2022-02-01,PAQUETERIA,1.0,1878.97
162,2022-02-01,PAQUETERIA,1.0,4152.15
163,2022-02-01,TELEFONO,1.0,4889.35
164,2022-02-01,ALIMENTOS,1.0,78.0
165,2022-02-01,MONITOREO CAMARAS ADT,1.0,0.0
166,2022-02-01,MTTO LOCAL,1.0,302.1
167,2022-02-01,SUSCRIPCIONES,1.0,1600.0
168,2022-02-01,CAPACITACION,1.0,11600.0
169,2022-02-01,HONORARIOS JURIDICOS,1.0,2403.93
170,2022-02-01,MTTO COMPUTO,1.0,329.44
171,2022-02-01,MTTO COMPUTO,1.0,386.28
172,2022-02-01,COMISION MIXTA,1.0,20723.53
173,2022-02-01,GASOLINA,1.0,10348.0
174,2022-02-01,MTTO OFICINA ,1.0,464.0
175,2022-02-01,RENTA COPIADORA,1.0,0.0
176,2022-02-01,HONORARIOS CONTABLES,1.0,5100.01
177,2022-02-01,PAQUETERIA,1.0,2721.87
178,2022-02-01,MTTO LOCAL,1.0,558.9
179,2022-02-01,SUELDOS DIRECCION,1.0,48155.61
180,2022-02-01,DERECHOS,1.0,260.0
181,2022-02-01,TELEFONO,1.0,0.0
182,2022-02-01,PAQUETERIA,1.0,225.01
183,2022-02-01,ENERGIA ELECTRICA,1.0,5988.22
184,2022-02-01,ALIMENTOS,1.0,399.0
185,2022-02-01,NO DEDUCIBLE,1.0,3488.2
186,2022-02-01,GERENCIA ADMON,1.0,28600.0
187,2022-02-01,HONORARIOS JURIDICOS,1.0,1500.01
188,2022-02-01,HONORARIOS JURIDICOS,1.0,2754.18
189,2022-02-01,COMISION MIXTA,1.0,20468.02
190,2022-02-01,NO DEDUCIBLE,1.0,1145.45
191,2022-02-01,MTTO COMPUTO,1.0,7335.84
192,2022-02-01,PAQUETERIA,1.0,0.0
193,2022-02-01,MTTO COMPUTO,1.0,56.0
194,2022-02-01,DERECHOS,1.0,960.0
195,2022-02-01,DERECHOS,1.0,306.0
196,2022-02-01,PAPELERIA,1.0,6022.72
197,2022-02-01,PAPELERIA,1.0,3177.77
198,2022-02-01,TRANSPORTE,1.0,22.0
199,2022-02-01,TELEFONO,1.0,0.0
200,2022-02-01,RENTA COPIADORA,1.0,2320.0
201,2022-02-01,IMSS/INFONAVIT,1.0,26015.3
202,2022-02-01,PAQUETERIA,1.0,2756.43
203,2022-02-01,ALIMENTOS,1.0,117.0
204,2022-02-01,TELEFONO,1.0,0.0
205,2022-02-01,TELEFONO,1.0,0.0
206,2022-02-01,DERECHOS,1.0,4101.0
207,2022-02-01,SUSCRIPCIONES,1.0,2000.0
208,2022-02-01,PUBLICIDAD,1.0,1044.0
209,2022-02-01,MTTO COMPUTO,1.0,0.0
210,2022-02-01,HONORARIOS JURIDICOS,1.0,2355.14
211,2022-02-01,COMISION MIXTA,1.0,20302.86
212,2022-02-01,UNIFORMES,1.0,785.17
213,2022-02-01,MTTO COMPUTO,1.0,3089.08
214,2022-02-01,ARRENDAMIENTO LOCAL,1.0,24786.66
215,2022-02-01,NO DEDUCIBLE,1.0,1706.45
216,2022-02-01,PAQUETERIA,1.0,3838.5
217,2022-02-01,ANTICIPO COMPRA AUTO,1.0,5000.0
218,2022-02-01,NO DEDUCIBLE,1.0,305.0
219,2022-02-01,PAQUETERIA,1.0,225.01
220,2022-02-01,TELEFONO,1.0,0.0
221,2022-02-01,COMISION BANCARIA,1.0,0.0
222,2022-02-01,PAPELERIA,1.0,385.2
223,2022-02-01,TRANSPORTE,1.0,22.0
224,2022-02-01,ALIMENTOS,1.0,156.0
225,2022-02-01,SUSCRIPCIONES,1.0,158.0
226,2022-02-01,GERENCIA ADMON,1.0,28600.0
227,2022-02-01,COMISION BANCARIA,1.0,0.0
228,2022-02-01,TELEFONO,1.0,3470.2
229,2022-02-01,COMISION BANCARIA,1.0,22655.47
230,2022-02-01,GASOLINA,1.0,11605.24
231,2022-03-01,ARRENDAMIENTO FINANCIERO,1.0,6439.6
232,2022-03-01,ARRENDAMIENTO FINANCIERO,1.0,6440.3
233,2022-03-01,RENTA COPIADORA,1.0,0.0
234,2022-03-01,SUSCRIPCIONES,1.0,513.24
235,2022-03-01,CAPACITACION,1.0,5270.0
236,2022-03-01,HONORARIOS JURIDICOS,1.0,2964.61
237,2022-03-01,ANTICIPO COMPRA AUTO,1.0,5000.0
238,2022-03-01,COMISION MIXTA,1.0,25557.01
239,2022-03-01,COMISION BANCARIA,1.0,568.4
240,2022-03-01,COMISION BANCARIA,1.0,0.0
241,2022-03-01,SUSCRIPCIONES,1.0,-513.24
242,2022-03-01,MTTO COMPUTO,1.0,2900.0
243,2022-03-01,PAQUETERIA,1.0,0.0
244,2022-03-01,MTTO MAQUINARIA,1.0,4060.0
245,2022-03-01,PAQUETERIA,1.0,147.6
246,2022-03-01,ARRENDAMIENTO FINANCIERO,1.0,0.0
247,2022-03-01,ARRENDAMIENTO FINANCIERO,1.0,0.0
248,2022-03-01,NO DEDUCIBLE,1.0,2062.5
249,2022-03-01,ALIMENTOS,1.0,399.0
250,2022-03-01,COMISION BANCARIA,1.0,0.0
251,2022-03-01,COMISION BANCARIA,20.5212,0.0
252,2022-03-01,PAPELERIA,1.0,105.0
253,2022-03-01,PAQUETERIA,1.0,1684.35
254,2022-03-01,MTTO COMPUTO,1.0,438.48
255,2022-03-01,MONITOREO CAMARAS ADT,1.0,1498.7
256,2022-03-01,MONITOREO CAMARAS ADT,1.0,0.0
257,2022-03-01,GASOLINA,1.0,10348.0
258,2022-03-01,COMISION BANCARIA,1.0,0.0
259,2022-03-01,TELEFONO,1.0,19.97
260,2022-03-01,TELEFONO,1.0,4094.98
261,2022-03-01,ALIMENTOS,1.0,80.0
262,2022-03-01,ENERGIA ELECTRICA,1.0,0.0
263,2022-03-01,HONORARIOS CONTABLES,1.0,5100.01
264,2022-03-01,MTTO COMPUTO,1.0,329.44
265,2022-03-01,HONORARIOS JURIDICOS,1.0,2732.04
266,2022-03-01,ANTICIPO COMPRA AUTO,1.0,-5000.0
267,2022-03-01,MTTO COMPUTO,1.0,386.28
268,2022-03-01,COMISION MIXTA,1.0,23552.03
269,2022-03-01,MTTO COMPUTO,1.0,798.0
270,2022-03-01,MTTO OFICINA ,1.0,323.64
271,2022-03-01,PAPELERIA,1.0,1374.59
272,2022-03-01,PEAJES,1.0,320.0
273,2022-03-01,PEAJES,1.0,184.0
274,2022-03-01,PAQUETERIA,1.0,1100.79
275,2022-03-01,PAQUETERIA,1.0,138.85
276,2022-03-01,SUELDOS DIRECCION,1.0,44535.59
277,2022-03-01,PAQUETERIA,1.0,757.64
278,2022-03-01,PUBLICIDAD,1.0,1044.0
279,2022-03-01,ALIMENTOS,1.0,160.0
280,2022-03-01,NO DEDUCIBLE,1.0,3493.85
281,2022-03-01,MONITOREO CAMARAS ADT,1.0,58.02
282,2022-03-01,SUSCRIPCIONES,1.0,-158.0
283,2022-03-01,TELEFONO,1.0,0.0
284,2022-03-01,GASOLINA,1.0,1381.65
285,2022-03-01,ALIMENTOS,1.0,495.0
286,2022-03-01,ENERGIA ELECTRICA,1.0,6098.79
287,2022-03-01,HONORARIOS JURIDICOS,1.0,2875.65
288,2022-03-01,COMISION MIXTA,1.0,24790.13
289,2022-03-01,MTTO LOCAL,1.0,1500.09
290,2022-03-01,MTTO LOCAL,1.0,1715.3
291,2022-03-01,MTTO LOCAL,1.0,1430.28
292,2022-03-01,MTTO LOCAL,1.0,1221.33
293,2022-03-01,MTTO COMPUTO,1.0,7335.84
294,2022-03-01,GERENCIA ADMON,1.0,26693.32
295,2022-03-01,MTTO COMPUTO,1.0,580.0
296,2022-03-01,CAPACITACION,1.0,0.0
297,2022-03-01,MTTO LOCAL,1.0,1480.0
298,2022-03-01,MTTO LOCAL,1.0,1891.0
299,2022-03-01,MTTO LOCAL,1.0,750.0
300,2022-03-01,MTTO LOCAL,1.0,1610.0
301,2022-03-01,RENTA COPIADORA,1.0,2320.0
302,2022-03-01,DERECHOS,1.0,3643.0
303,2022-03-01,MTTO LOCAL,1.0,188.07
304,2022-03-01,MTTO LOCAL,1.0,1592.12
305,2022-03-01,MTTO LOCAL,1.0,1931.34
306,2022-03-01,MTTO LOCAL,1.0,1275.94
307,2022-03-01,PAQUETERIA,1.0,2367.33
308,2022-03-01,CAPACITACION,1.0,3480.0
309,2022-03-01,PAQUETERIA,1.0,0.0
310,2022-03-01,MTTO LOCAL,1.0,487.37
311,2022-03-01,MTTO LOCAL,1.0,483.67
312,2022-03-01,GASOLINA,1.0,978.02
313,2022-03-01,MTTO LOCAL,1.0,1480.0
314,2022-03-01,MTTO LOCAL,1.0,1480.0
315,2022-03-01,GASOLINA,1.0,1323.26
316,2022-03-01,MTTO LOCAL,1.0,1235.01
317,2022-03-01,MTTO LOCAL,1.0,1235.01
318,2022-03-01,MTTO LOCAL,1.0,422.65
319,2022-03-01,MTTO LOCAL,1.0,954.88
320,2022-03-01,MTTO LOCAL,1.0,238.58
321,2022-03-01,UNIFORMES,1.0,5092.63
322,2022-03-01,UNIFORMES,1.0,986.0
323,2022-03-01,UNIFORMES,1.0,3897.6
324,2022-03-01,HONORARIOS JURIDICOS,1.0,3008.85
325,2022-03-01,MTTO TRANSPORTE,1.0,-5000.0
326,2022-03-01,COMISION MIXTA,1.0,25938.46
327,2022-03-01,GASOLINA,1.0,10348.0
328,2022-03-01,MTTO LOCAL,1.0,134.05
329,2022-03-01,MTTO COMPUTO,1.0,0.0
330,2022-03-01,MTTO COMPUTO,1.0,250.0
331,2022-03-01,PAQUETERIA,1.0,0.0
332,2022-03-01,SUSCRIPCIONES,1.0,3861.0
333,2022-03-01,PAQUETERIA,1.0,0.0
334,2022-03-01,PAQUETERIA,1.0,314.44
335,2022-03-01,MTTO COMPUTO,1.0,3089.08
336,2022-03-01,TELEFONO,1.0,0.0
337,2022-03-01,NO DEDUCIBLE,1.0,2214.15
338,2022-03-01,NO DEDUCIBLE,1.0,3330.75
339,2022-03-01,MTTO LOCAL,1.0,696.0
340,2022-03-01,PAQUETERIA,1.0,1922.09
341,2022-03-01,TELEFONO,1.0,0.0
342,2022-03-01,TELEFONO,1.0,0.0
343,2022-03-01,PEAJES,1.0,320.0
344,2022-03-01,ALIMENTOS,1.0,200.0
345,2022-03-01,ENERGIA ELECTRICA,1.0,0.0
346,2022-03-01,PEAJES,1.0,184.0
347,2022-03-01,CASETAS,1.0,185.0
348,2022-03-01,PEAJES,1.0,344.0
349,2022-03-01,PEAJES,1.0,586.0
350,2022-03-01,MTTO TRANSPORTE,1.0,-1392.0
351,2022-03-01,MTTO TRANSPORTE,1.0,0.0
352,2022-03-01,MTTO LOCAL,1.0,355.3
353,2022-03-01,CASETAS,1.0,58.0
354,2022-03-01,UNIFORMES,1.0,4454.4
355,2022-03-01,HONORARIOS CONTABLES,1.0,5100.01
356,2022-03-01,MTTO LOCAL,1.0,68794.82
357,2022-03-01,MTTO LOCAL,1.0,8654.48
358,2022-03-01,GASOLINA,1.0,1387.46
359,2022-03-01,PEAJES,1.0,53.0
360,2022-03-01,DERECHOS,1.0,2561.0
361,2022-03-01,MTTO LOCAL,1.0,846.31
362,2022-03-01,IMSS/INFONAVIT,1.0,41017.4
363,2022-03-01,IMSS/INFONAVIT,1.0,49020.13
364,2022-03-01,TELEFONO,1.0,3470.2
365,2022-03-01,CREDITO ,1.0,4790.14
366,2022-03-01,PAQUETERIA,1.0,0.0
367,2022-03-01,HONORARIOS JURIDICOS,1.0,2839.62
368,2022-03-01,COMISION MIXTA,1.0,24479.52
369,2022-03-01,TELEFONO,1.0,0.0
370,2022-03-01,SEGUROS,1.0,42286.72
371,2022-03-01,ANTICIPO ,1.0,2310.72
372,2022-03-01,GERENCIA ADMON,1.0,28600.0
373,2022-03-01,PAQUETERIA,1.0,2127.52
374,2022-03-01,MTTO LOCAL,1.0,538.18
375,2022-03-01,COMISION BANCARIA,1.0,0.0
376,2022-03-01,COMISION BANCARIA,1.0,20438.45
377,2022-04-01,COMISION BANCARIA,1.0,568.4
378,2022-04-01,COMISION BANCARIA,1.0,0.0
379,2022-04-01,RENTA COPIADORA,1.0,0.0
380,2022-04-01,SUSCRIPCIONES,1.0,1484.08
381,2022-04-01,CAPACITACION,1.0,5270.0
382,2022-04-01,NO DEDUCIBLE,1.0,2467.6
383,2022-04-01,NO DEDUCIBLE,1.0,2780.85
384,2022-04-01,NO DEDUCIBLE,1.0,127.0
385,2022-04-01,SUSCRIPCIONES,1.0,-0.39
386,2022-04-01,SUSCRIPCIONES,1.0,-1483.69
387,2022-04-01,PAQUETERIA,1.0,0.0
388,2022-04-01,SEGUROS,1.0,1717.25
389,2022-04-01,ARRENDAMIENTO FINANCIERO,1.0,6439.6
390,2022-04-01,ARRENDAMIENTO FINANCIERO,1.0,6440.3
391,2022-04-01,NO DEDUCIBLE,1.0,165.0
392,2022-04-01,COMISION BANCARIA,1.0,0.0
393,2022-04-01,COMISION BANCARIA,19.8911,0.0
394,2022-04-01,TELEFONO,1.0,2640.13
395,2022-04-01,ALIMENTOS,1.0,399.0
396,2022-04-01,MTTO EQUIPO COMPUTO,1.0,1600.0
397,2022-04-01,PAPELERIA,1.0,149.0
398,2022-04-01,MTTO COMPUTO,1.0,918.0
399,2022-04-01,PAQUETERIA,1.0,0.0
400,2022-04-01,PAQUETERIA,1.0,138.86
401,2022-04-01,MTTO COMPUTO,1.0,438.48
402,2022-04-01,MONITOREO CAMARAS ADT,1.0,1539.3
403,2022-04-01,MONITOREO CAMARAS ADT,1.0,0.0
404,2022-04-01,ARRENDAMIENTO FINANCIERO,1.0,0.0
405,2022-04-01,ARRENDAMIENTO FINANCIERO,1.0,0.0
406,2022-04-01,CAPACITACION,1.0,5220.0
407,2022-04-01,MTTO COMPUTO,1.0,413.01
408,2022-04-01,COMISION BANCARIA,1.0,0.0
409,2022-04-01,MTTO COMPUTO,1.0,2900.0
410,2022-04-01,HONORARIOS JURIDICOS,1.0,2993.5
411,2022-04-01,MTTO COMPUTO,1.0,329.44
412,2022-04-01,COMISION MIXTA,1.0,25805.98
413,2022-04-01,ALIMENTOS,1.0,240.0
414,2022-04-01,SEGUROS,1.0,9575.07
415,2022-04-01,HONORARIOS CONTABLES,1.0,5100.01
416,2022-04-01,MONITOREO CAMARAS ADT,1.0,-58.02
417,2022-04-01,NO DEDUCIBLE,1.0,2279.22
418,2022-04-01,NO DEDUCIBLE,1.0,1124.28
419,2022-04-01,PAQUETERIA,1.0,2085.74
420,2022-04-01,ALIMENTOS,1.0,475.99
421,2022-04-01,SUELDOS DIRECCION,1.0,50271.13
422,2022-04-01,GASOLINA,1.0,10348.0
423,2022-04-01,MTTO COMPUTO,1.0,386.28
424,2022-04-01,PAQUETERIA,1.0,0.0
425,2022-04-01,HONORARIOS JURIDICOS,1.0,3573.51
426,2022-04-01,PAQUETERIA,1.0,0.0
427,2022-04-01,COMISION MIXTA,1.0,30806.1
428,2022-04-01,MTTO LOCAL,1.0,544.2
429,2022-04-01,NO DEDUCIBLE,1.0,364.0
430,2022-04-01,NO DEDUCIBLE,1.0,3326.25
431,2022-04-01,SUSCRIPCIONES,1.0,2000.0
432,2022-04-01,ALIMENTOS,1.0,120.0
433,2022-04-01,ENERGIA ELECTRICA,1.0,6258.4
434,2022-04-01,GERENCIA ADMON,1.0,22880.0
435,2022-04-01,TELEFONO,1.0,0.0
436,2022-04-01,MENSAJERIA,1.0,254.45
437,2022-04-01,SEGUROS,1.0,0.0
438,2022-04-01,MTTO COMPUTO,1.0,7335.84
439,2022-04-01,RENTA COPIADORA,1.0,2320.0
440,2022-04-01,CREDITO ,1.0,1775.73
441,2022-04-01,MTTO TRANSPORTE,1.0,532.3
442,2022-04-01,CAPACITACION,1.0,0.0
443,2022-04-01,HONORARIOS JURIDICOS,1.0,2936.83
444,2022-04-01,PAQUETERIA,1.0,138.86
445,2022-04-01,SUBCONTRATOS,1.0,13560.4
446,2022-04-01,COMISION MIXTA,1.0,25317.5
447,2022-04-01,NO DEDUCIBLE,1.0,94.0
448,2022-04-01,NO DEDUCIBLE,1.0,565.8
449,2022-04-01,NO DEDUCIBLE,1.0,1426.27
450,2022-04-01,PAQUETERIA,1.0,1434.47
451,2022-04-01,DERECHOS,1.0,3437.0
452,2022-04-01,SEGUROS,1.0,0.0
453,2022-04-01,PAQUETERIA,1.0,3008.12
454,2022-04-01,PAQUETERIA,1.0,0.0
455,2022-04-01,ALIMENTOS,1.0,120.0
456,2022-04-01,GASOLINA,1.0,1412.73
457,2022-04-01,TELEFONO,1.0,0.0
458,2022-04-01,TELEFONO,1.0,0.0
459,2022-04-01,NO DEDUCIBLE,1.0,749.0
460,2022-04-01,NO DEDUCIBLE,1.0,3454.65
461,2022-04-01,NO DEDUCIBLE,1.0,-539.0
462,2022-04-01,PAQUETERIA,1.0,0.0
463,2022-04-01,HONORARIOS JURIDICOS,1.0,2960.8
464,2022-04-01,MTTO COMPUTO,1.0,3089.08
465,2022-04-01,COMISION MIXTA,1.0,25524.14
466,2022-04-01,MENSAJERIA,1.0,500.0
467,2022-04-01,CAPACITACION,1.0,1067.2
468,2022-04-01,PAQUETERIA,1.0,1599.92
469,2022-04-01,ENERGIA ELECTRICA,1.0,0.0
470,2022-04-01,TELEFONO,1.0,3022.15
471,2022-04-01,GERENCIA ADMON,1.0,28599.99
472,2022-04-01,PAPELERIA,1.0,70.7
473,2022-04-01,ALIMENTOS,1.0,120.0
474,2022-04-01,SEGUROS,1.0,0.0
475,2022-04-01,IMSS/INFONAVIT,1.0,23689.36
476,2022-04-01,CAPACITACION,1.0,9598.65
477,2022-04-01,COMISION BANCARIA,1.0,0.0
478,2022-04-01,GASOLINA,1.0,12293.35
479,2022-04-01,COMISION BANCARIA,1.0,22098.41
480,2022-05-01,SUSCRIPCIONES,1.0,551.82
481,2022-05-01,ARRENDAMIENTO FINANCIERO,1.0,6439.6
482,2022-05-01,ARRENDAMIENTO FINANCIERO,1.0,6440.3
483,2022-05-01,COMISION BANCARIA,1.0,568.4
484,2022-05-01,COMISION BANCARIA,1.0,0.0
485,2022-05-01,MTTO LOCAL,1.0,245.77
486,2022-05-01,SUSCRIPCIONES,1.0,-3.07
487,2022-05-01,SUSCRIPCIONES,1.0,-544.05
488,2022-05-01,SUSCRIPCIONES,1.0,-4.7
489,2022-05-01,MTTO COMPUTO,1.0,3712.0
490,2022-05-01,SEGUROS,1.0,1717.25
491,2022-05-01,ARRENDAMIENTO FINANCIERO,1.0,0.0
492,2022-05-01,ARRENDAMIENTO FINANCIERO,1.0,0.0
493,2022-05-01,ARRENDAMIENTO LOCAL,1.0,24786.66
494,2022-05-01,COMISION BANCARIA,1.0,0.0
495,2022-05-01,COMISION BANCARIA,20.3453,0.0
496,2022-05-01,COMISION BANCARIA,1.0,0.0
497,2022-05-01,MTTO COMPUTO,1.0,573.75
498,2022-05-01,CAPACITACION,1.0,5270.0
499,2022-05-01,MONITOREO CAMARAS ADT,1.0,1539.3
500,2022-05-01,CASETAS,1.0,185.0
501,2022-05-01,PAQUETERIA,1.0,0.0
502,2022-05-01,PEAJES,1.0,344.0
503,2022-05-01,MTTO LOCAL,1.0,754.0
504,2022-05-01,PEAJES,1.0,620.0
505,2022-05-01,CASETAS,1.0,334.0
506,2022-05-01,TELEFONO,1.0,2654.13
507,2022-05-01,HONORARIOS JURIDICOS,1.0,2875.09
508,2022-05-01,MTTO COMPUTO,1.0,438.48
509,2022-05-01,COMISION MIXTA,1.0,24785.23
510,2022-05-01,RENTA COPIADORA,1.0,0.0
511,2022-05-01,MTTO COMPUTO,1.0,2900.0
512,2022-05-01,HONORARIOS CONTABLES,1.0,5100.01
513,2022-05-01,PAQUETERIA,1.0,1521.29
514,2022-05-01,MTTO COMPUTO,1.0,329.44
515,2022-05-01,ALIMENTOS,1.0,120.0
516,2022-05-01,ALIMENTOS,1.0,399.0
517,2022-05-01,PAQUETERIA,1.0,0.0
518,2022-05-01,PAQUETERIA,1.0,146.79
519,2022-05-01,MONITOREO CAMARAS ADT,1.0,34.85
520,2022-05-01,NO DEDUCIBLE,1.0,328.0
521,2022-05-01,NO DEDUCIBLE,1.0,2053.6
522,2022-05-01,SUELDOS DIRECCION,1.0,43490.7
523,2022-05-01,GASOLINA,1.0,10348.0
524,2022-05-01,HONORARIOS JURIDICOS,1.0,1500.01
525,2022-05-01,CAPACITACION,1.0,0.0
526,2022-05-01,HONORARIOS JURIDICOS,1.0,2827.34
527,2022-05-01,MTTO COMPUTO,1.0,386.28
528,2022-05-01,COMISION MIXTA,1.0,24373.61
529,2022-05-01,DERECHOS,1.0,7561.0
530,2022-05-01,PAQUETERIA,1.0,2013.73
531,2022-05-01,ALIMENTOS,1.0,160.0
532,2022-05-01,RENTA COPIADORA,1.0,2320.0
533,2022-05-01,GERENCIA ADMON,1.0,28600.0
534,2022-05-01,MTTO LOCAL,1.0,362.7
535,2022-05-01,NO DEDUCIBLE,1.0,1112.9
536,2022-05-01,NO DEDUCIBLE,1.0,970.1
537,2022-05-01,DERECHOS,1.0,2594.0
538,2022-05-01,ANTICIPO ,1.0,2310.72
539,2022-05-01,ANTICIPO ,1.0,-2310.72
540,2022-05-01,MTTO COMPUTO,1.0,7335.84
541,2022-05-01,ENERGIA ELECTRICA,1.0,5625.78
542,2022-05-01,HONORARIOS JURIDICOS,1.0,2759.4
543,2022-05-01,COMISION MIXTA,1.0,23787.89
544,2022-05-01,CREDITO ,1.0,2372.86
545,2022-05-01,MTTO COMPUTO,1.0,42.0
546,2022-05-01,TELEFONO,1.0,0.0
547,2022-05-01,MTTO LOCAL,1.0,14226.63
548,2022-05-01,PAQUETERIA,1.0,2522.44
549,2022-05-01,HONORARIOS PM,1.0,6728.0
550,2022-05-01,ALIMENTOS,1.0,240.0
551,2022-05-01,MTTO COMPUTO,1.0,0.0
552,2022-05-01,MTTO COMPUTO,1.0,0.0
553,2022-05-01,MAQUINARIA,19.83,54.15
554,2022-05-01,HONORARIOS JURIDICOS,1.0,2862.2
555,2022-05-01,MTTO COMPUTO,1.0,3089.08
556,2022-05-01,COMISION MIXTA,1.0,24674.13
557,2022-05-01,TELEFONO,1.0,0.0
558,2022-05-01,MENSAJERIA,1.0,0.0
559,2022-05-01,SUSCRIPCIONES,1.0,1276.0
560,2022-05-01,IMSS/INFONAVIT,1.0,44240.24
561,2022-05-01,TELEFONO,1.0,0.0
562,2022-05-01,ENERGIA ELECTRICA,1.0,0.0
563,2022-05-01,PAQUETERIA,1.0,3843.72
564,2022-05-01,ALIMENTOS,1.0,80.0
565,2022-05-01,PAQUETERIA,1.0,0.0
566,2022-05-01,NO DEDUCIBLE,1.0,396.0
567,2022-05-01,GASOLINA,1.0,901.04
568,2022-05-01,TELEFONO,1.0,2989.92
569,2022-05-01,CAPACITACION,1.0,1044.0
570,2022-05-01,RENTA COPIADORA,1.0,0.0
571,2022-05-01,GERENCIA ADMON,1.0,28600.0
572,2022-05-01,GASOLINA,1.0,1400.98
573,2022-05-01,CALIBRACIONES,1.0,4500.8
574,2022-05-01,GASOLINA,1.0,1000.0
575,2022-05-01,COMISION BANCARIA,1.0,0.0
576,2022-05-01,GASOLINA,1.0,9754.47
577,2022-05-01,COMISION BANCARIA,1.0,21894.39
578,2022-06-01,ARRENDAMIENTO FINANCIERO,1.0,6439.6
579,2022-06-01,ARRENDAMIENTO FINANCIERO,1.0,6440.3
580,2022-06-01,UNIFORMES,1.0,0.0
581,2022-06-01,CAPACITACION,1.0,5270.0
582,2022-06-01,HONORARIOS JURIDICOS,1.0,2706.59
583,2022-06-01,COMISION MIXTA,1.0,23332.64
584,2022-06-01,COMISION BANCARIA,1.0,568.4
585,2022-06-01,COMISION BANCARIA,1.0,0.0
586,2022-06-01,NO DEDUCIBLE,1.0,6142.75
587,2022-06-01,NO DEDUCIBLE,1.0,3499.0
588,2022-06-01,NO DEDUCIBLE,1.0,3499.0
589,2022-06-01,NO DEDUCIBLE,1.0,3499.0
590,2022-06-01,SUSCRIPCIONES,1.0,1457.12
591,2022-06-01,PAQUETERIA,1.0,3088.38
592,2022-06-01,SEGUROS,1.0,1717.25
593,2022-06-01,MONITOREO CAMARAS ADT,1.0,1539.3
594,2022-06-01,ARRENDAMIENTO FINANCIERO,1.0,0.0
595,2022-06-01,ARRENDAMIENTO FINANCIERO,1.0,0.0
596,2022-06-01,ALIMENTOS,1.0,120.0
597,2022-06-01,ALIMENTOS,1.0,399.0
598,2022-06-01,SUSCRIPCIONES,1.0,-3.02
599,2022-06-01,SUSCRIPCIONES,1.0,-4.19
600,2022-06-01,SUSCRIPCIONES,1.0,-1452.93
601,2022-06-01,COMISION BANCARIA,1.0,0.0
602,2022-06-01,COMISION BANCARIA,19.6855,0.0
603,2022-06-01,COMISION BANCARIA,1.0,0.0
604,2022-06-01,MTTO TRANSPORTE,1.0,4350.0
605,2022-06-01,TELEFONO,1.0,2671.03
606,2022-06-01,MTTO LOCAL,1.0,374.93
607,2022-06-01,MTTO OFICINA ,1.0,550.0
608,2022-06-01,HONORARIOS CONTABLES,1.0,5100.01
609,2022-06-01,HONORARIOS PM,1.0,13780.8
610,2022-06-01,PAPELERIA,1.0,247.04
611,2022-06-01,MTTO COMPUTO,1.0,438.48
612,2022-06-01,MTTO COMPUTO,1.0,329.44
613,2022-06-01,NO DEDUCIBLE,1.0,874.25
614,2022-06-01,NO DEDUCIBLE,1.0,434.75
615,2022-06-01,NO DEDUCIBLE,1.0,268.95
616,2022-06-01,UNIFORMES,1.0,1972.0
617,2022-06-01,PAQUETERIA,1.0,0.0
618,2022-06-01,PAQUETERIA,1.0,117.91
619,2022-06-01,PAQUETERIA,1.0,0.0
620,2022-06-01,CALIBRACIONES,1.0,11832.0
621,2022-06-01,MTTO LOCAL,1.0,5009.5
622,2022-06-01,HONORARIOS JURIDICOS,1.0,2742.02
623,2022-06-01,COMISION MIXTA,1.0,23638.14
624,2022-06-01,SUELDOS DIRECCION,1.0,47544.18
625,2022-06-01,GASOLINA,1.0,10348.0
626,2022-06-01,MTTO LOCAL,1.0,6546.45
627,2022-06-01,PAQUETERIA,1.0,1662.28
628,2022-06-01,MTTO COMPUTO,1.0,386.28
629,2022-06-01,NO DEDUCIBLE,1.0,366.05
630,2022-06-01,NO DEDUCIBLE,1.0,217.02
631,2022-06-01,ALIMENTOS,1.0,160.0
632,2022-06-01,NO DEDUCIBLE,1.0,474.15
633,2022-06-01,CAPACITACION,1.0,0.0
634,2022-06-01,NO DEDUCIBLE,1.0,1073.0
635,2022-06-01,ARRENDAMIENTO LOCAL,1.0,24786.66
636,2022-06-01,NO DEDUCIBLE,1.0,592.9
637,2022-06-01,CALIBRACIONES,1.0,8526.0
638,2022-06-01,PAQUETERIA,1.0,280.59
639,2022-06-01,CAPACITACION,1.0,5204.16
640,2022-06-01,MTTO LOCAL,1.0,100.8
641,2022-06-01,HONORARIOS JURIDICOS,1.0,2816.77
642,2022-06-01,COMISION MIXTA,1.0,24282.46
643,2022-06-01,TELEFONO,1.0,0.0
644,2022-06-01,GERENCIA ADMON,1.0,28600.0
645,2022-06-01,NO DEDUCIBLE,1.0,203.97
646,2022-06-01,GASOLINA,1.0,1305.68
647,2022-06-01,RENTA COPIADORA,1.0,2320.0
648,2022-06-01,DERECHOS,1.0,962.2
649,2022-06-01,MTTO COMPUTO,1.0,1508.0
650,2022-06-01,MTTO COMPUTO,1.0,7335.84
651,2022-06-01,PAQUETERIA,1.0,1807.65
652,2022-06-01,PAQUETERIA,1.0,117.91
653,2022-06-01,PAQUETERIA,1.0,0.0
654,2022-06-01,NO DEDUCIBLE,1.0,1534.57
655,2022-06-01,NO DEDUCIBLE,1.0,9717.49
656,2022-06-01,NO DEDUCIBLE,1.0,1609.95
657,2022-06-01,NO DEDUCIBLE,1.0,766.23
658,2022-06-01,CREDITO ,1.0,2323.67
659,2022-06-01,NO DEDUCIBLE,1.0,7127.0
660,2022-06-01,ARRENDAMIENTO FINANCIERO,1.0,8104.92
661,2022-06-01,ARRENDAMIENTO FINANCIERO,1.0,8104.92
662,2022-06-01,PEAJES,1.0,562.0
663,2022-06-01,PEAJES,1.0,37.0
664,2022-06-01,PEAJES,1.0,184.0
665,2022-06-01,ALIMENTOS,1.0,239.99
666,2022-06-01,NO DEDUCIBLE,1.0,292.2
667,2022-06-01,MONITOREO CAMARAS ADT,1.0,-34.85
668,2022-06-01,MTTO OFICINA ,1.0,1979.99
669,2022-06-01,CAPACITACION,1.0,6960.0
670,2022-06-01,HONORARIOS JURIDICOS,1.0,2893.41
671,2022-06-01,COMISION MIXTA,1.0,24943.18
672,2022-06-01,PUBLICIDAD,1.0,473.28
673,2022-06-01,ALIMENTOS,1.0,895.0
674,2022-06-01,MTTO EQUIPO COMPUTO,1.0,1625.51
675,2022-06-01,MTTO LOCAL,1.0,482.77
676,2022-06-01,PAQUETERIA,1.0,1462.56
677,2022-06-01,MTTO TRANSPORTE,1.0,270.0
678,2022-06-01,ARRENDAMIENTO FINANCIERO,1.0,0.0
679,2022-06-01,ARRENDAMIENTO FINANCIERO,1.0,0.0
680,2022-06-01,ALIMENTOS,1.0,240.0
681,2022-06-01,MTTO LOCAL,1.0,298.8
682,2022-06-01,PAPELERIA,1.0,1980.0
683,2022-06-01,MTTO OFICINA ,1.0,1458.13
684,2022-06-01,GASOLINA,1.0,5348.0
685,2022-06-01,MTTO OFICINA ,1.0,12870.07
686,2022-06-01,MTTO OFICINA ,1.0,-3715.76
687,2022-06-01,MTTO OFICINA ,1.0,3715.76
688,2022-06-01,TELEFONO,1.0,0.0
689,2022-06-01,MTTO COMPUTO,1.0,3089.08
690,2022-06-01,DERECHOS,1.0,4394.0
691,2022-06-01,GASOLINA,1.0,1081.37
692,2022-06-01,PAQUETERIA,1.0,141.64
693,2022-06-01,NO DEDUCIBLE,1.0,762.75
694,2022-06-01,NO DEDUCIBLE,1.0,2290.75
695,2022-06-01,RENTA COPIADORA,1.0,0.0
696,2022-06-01,IMSS/INFONAVIT,1.0,23194.6
697,2022-06-01,HONORARIOS JURIDICOS,1.0,2759.3
698,2022-06-01,COMISION MIXTA,1.0,23787.08
699,2022-06-01,RENTA AUTO,1.0,5000.0
700,2022-06-01,TELEFONO,1.0,2989.92
701,2022-06-01,MTTO LOCAL,1.0,481.3
702,2022-06-01,NO DEDUCIBLE,1.0,1893.41
703,2022-06-01,SEGUROS,1.0,15111.84
704,2022-06-01,GERENCIA ADMON,1.0,26693.32
705,2022-06-01,PAQUETERIA,1.0,1746.11
706,2022-06-01,COMISION BANCARIA,1.0,0.0
707,2022-06-01,ALIMENTOS,1.0,80.0
708,2022-06-01,COMISION BANCARIA,1.0,22805.64
709,2022-06-01,GASOLINA,1.0,12373.2
710,2022-07-01,PAQUETERIA,1.0,0.0
711,2022-07-01,COMISION BANCARIA,1.0,568.4
712,2022-07-01,COMISION BANCARIA,1.0,0.0
713,2022-07-01,MTTO COMPUTO,1.0,209.0
714,2022-07-01,CAPACITACION,1.0,6960.0
715,2022-07-01,CAPACITACION,1.0,6960.0
716,2022-07-01,PAQUETERIA,1.0,0.0
717,2022-07-01,CAPACITACION,1.0,5213.21
718,2022-07-01,SEGUROS,1.0,1717.25
719,2022-07-01,ARRENDAMIENTO FINANCIERO,1.0,6439.6
720,2022-07-01,ARRENDAMIENTO FINANCIERO,1.0,6440.3
721,2022-07-01,COMISION BANCARIA,1.0,0.0
722,2022-07-01,COMISION BANCARIA,20.1353,0.0
723,2022-07-01,TELEFONO,1.0,2898.09
724,2022-07-01,PAQUETERIA,1.0,707.03
725,2022-07-01,MTTO OFICINA ,1.0,89.49
726,2022-07-01,COMISION BANCARIA,1.0,0.0
727,2022-07-01,MTTO COMPUTO,1.0,0.0
728,2022-07-01,MONITOREO CAMARAS ADT,1.0,1539.3
729,2022-07-01,MONITOREO CAMARAS ADT,1.0,0.0
730,2022-07-01,ARRENDAMIENTO FINANCIERO,1.0,0.0
731,2022-07-01,ARRENDAMIENTO FINANCIERO,1.0,0.0
732,2022-07-01,NO DEDUCIBLE,1.0,345.8
733,2022-07-01,NO DEDUCIBLE,1.0,4899.0
734,2022-07-01,MTTO COMPUTO,1.0,329.44
735,2022-07-01,SEGUROS,1.0,4688.51
736,2022-07-01,UNIFORMES,1.0,852.6
737,2022-07-01,HONORARIOS CONTABLES,1.0,5100.01
738,2022-07-01,HONORARIOS JURIDICOS,1.0,2797.22
739,2022-07-01,MTTO COMPUTO,1.0,438.48
740,2022-07-01,COMISION MIXTA,1.0,24113.99
741,2022-07-01,NO DEDUCIBLE,1.0,2196.85
742,2022-07-01,PAQUETERIA,1.0,1210.2
743,2022-07-01,PAPELERIA,1.0,249.0
744,2022-07-01,MTTO COMPUTO,1.0,386.28
745,2022-07-01,CAPACITACION,1.0,350.0
746,2022-07-01,PAQUETERIA,1.0,384.98
747,2022-07-01,SUELDOS DIRECCION,1.0,41627.5
748,2022-07-01,MTTO OFICINA ,1.0,1518.12
749,2022-07-01,MTTO OFICINA ,1.0,1999.0
750,2022-07-01,MTTO OFICINA ,1.0,3687.0
751,2022-07-01,MAQUINARIA,20.75,40.61
752,2022-07-01,PAPELERIA,1.0,649.6
753,2022-07-01,HONORARIOS PM,1.0,20880.0
754,2022-07-01,RENTA COPIADORA,1.0,2320.0
755,2022-07-01,SEGUROS,1.0,-4688.51
756,2022-07-01,HONORARIOS JURIDICOS,1.0,2803.88
757,2022-07-01,COMISION MIXTA,1.0,24171.38
758,2022-07-01,MTTO OFICINA ,1.0,-2242.79
759,2022-07-01,MTTO OFICINA ,1.0,2261.37
760,2022-07-01,PAQUETERIA,1.0,2703.54
761,2022-07-01,PAQUETERIA,1.0,0.0
762,2022-07-01,MAQUILAS,1.0,330160.82
763,2022-07-01,MAQUILAS,1.0,8700.0
764,2022-07-01,MAQUILAS,1.0,0.0
765,2022-07-01,MTTO OFICINA ,1.0,-9068.27
766,2022-07-01,MTTO OFICINA ,1.0,9068.27
767,2022-07-01,GERENCIA ADMON,1.0,28599.99
768,2022-07-01,MTTO COMPUTO,1.0,1147.5
769,2022-07-01,MAQUINARIA,1.0,3074.0
770,2022-07-01,PAQUETERIA,1.0,0.0
771,2022-07-01,NO DEDUCIBLE,1.0,110.0
772,2022-07-01,GASOLINA,1.0,10348.0
773,2022-07-01,TELEFONO,1.0,0.0
774,2022-07-01,NO DEDUCIBLE,1.0,1981.09
775,2022-07-01,MTTO COMPUTO,1.0,7335.84
776,2022-07-01,PAQUETERIA,1.0,707.03
777,2022-07-01,CREDITO ,1.0,2273.83
778,2022-07-01,HONORARIOS JURIDICOS,1.0,2620.78
779,2022-07-01,ARRENDAMIENTO FINANCIERO,1.0,7051.66
780,2022-07-01,ARRENDAMIENTO FINANCIERO,1.0,7051.66
781,2022-07-01,NO DEDUCIBLE,1.0,1135.85
782,2022-07-01,PEAJES,1.0,86.0
783,2022-07-01,PEAJES,1.0,86.0
784,2022-07-01,PAQUETERIA,1.0,0.0
785,2022-07-01,GASOLINA,1.0,1400.07
786,2022-07-01,COMISION MIXTA,1.0,22592.97
787,2022-07-01,PEAJES,1.0,172.0
788,2022-07-01,PAQUETERIA,1.0,1420.91
789,2022-07-01,MTTO OFICINA ,1.0,31284.56
790,2022-07-01,ARRENDAMIENTO FINANCIERO,1.0,0.0
791,2022-07-01,ARRENDAMIENTO FINANCIERO,1.0,0.0
792,2022-07-01,ALIMENTOS,1.0,399.0
793,2022-07-01,PEAJES,1.0,172.0
794,2022-07-01,DERECHOS,1.0,3327.0
795,2022-07-01,MTTO COMPUTO,1.0,1566.0
796,2022-07-01,MTTO OFICINA ,1.0,482.4
797,2022-07-01,TELEFONO,1.0,0.0
798,2022-07-01,ALIMENTOS,1.0,280.0
799,2022-07-01,NO DEDUCIBLE,1.0,2879.12
800,2022-07-01,ARRENDAMIENTO LOCAL,1.0,24786.66
801,2022-07-01,IMSS/INFONAVIT,1.0,41607.78
802,2022-07-01,MTTO COMPUTO,1.0,3089.08
803,2022-07-01,SUBCONTRATOS,1.0,0.0
804,2022-07-01,NO DEDUCIBLE,1.0,1928.8
805,2022-07-01,SANITIZACION,1.0,1006.88
806,2022-07-01,GASOLINA,1.0,1450.01
807,2022-07-01,VALES DESPENSA,1.0,8185.6
808,2022-07-01,HONORARIOS JURIDICOS,1.0,2738.1
809,2022-07-01,NO DEDUCIBLE,1.0,247.0
810,2022-07-01,COMISION MIXTA,1.0,23604.31
811,2022-07-01,MTTO OFICINA ,1.0,1086.83
812,2022-07-01,PAQUETERIA,1.0,682.75
813,2022-07-01,MTTO OFICINA ,1.0,796.92
814,2022-07-01,PAQUETERIA,1.0,869.15
815,2022-07-01,CAPACITACION,1.0,5204.16
816,2022-07-01,ARRENDAMIENTO FINANCIERO,1.0,1634.51
817,2022-07-01,ARRENDAMIENTO FINANCIERO,1.0,9662.37
818,2022-07-01,ARRENDAMIENTO FINANCIERO,1.0,1634.51
819,2022-07-01,ARRENDAMIENTO FINANCIERO,1.0,9662.37
820,2022-07-01,ARRENDAMIENTO FINANCIERO,1.0,-1634.51
821,2022-07-01,ARRENDAMIENTO FINANCIERO,1.0,-9662.37
822,2022-07-01,MTTO LOCAL,1.0,822.85
823,2022-07-01,PEAJES,1.0,86.0
824,2022-07-01,MTTO LOCAL,1.0,1651.0
825,2022-07-01,GERENCIA ADMON,1.0,28600.0
826,2022-07-01,ALIMENTOS,1.0,588.0
827,2022-07-01,ALIMENTOS,1.0,220.0
828,2022-07-01,PAQUETERIA,1.0,0.0
829,2022-07-01,TELEFONO,1.0,2989.92
830,2022-07-01,PAQUETERIA,1.0,0.0
831,2022-07-01,COMISION BANCARIA,1.0,725.0
832,2022-07-01,COMISION BANCARIA,1.0,0.0
833,2022-07-01,COMISION BANCARIA,1.0,19962.68
834,2022-07-01,COMISION BANCARIA,1.0,0.0
835,2022-07-01,GASOLINA,1.0,9801.39
836,2022-08-01,ARRENDAMIENTO FINANCIERO,1.0,6439.6
837,2022-08-01,ARRENDAMIENTO FINANCIERO,1.0,6440.3
838,2022-08-01,ALIMENTOS,1.0,54.0
839,2022-08-01,PAQUETERIA,1.0,1795.71
840,2022-08-01,MTTO LOCAL,1.0,822.85
841,2022-08-01,MTTO LOCAL,1.0,-822.85
842,2022-08-01,MTTO OFICINA ,1.0,884.01
843,2022-08-01,MTTO OFICINA ,1.0,1082.7
844,2022-08-01,CAPACITACION,1.0,5213.21
845,2022-08-01,CAPACITACION,1.0,0.0
846,2022-08-01,PAPELERIA,1.0,566.2
847,2022-08-01,COMISION BANCARIA,1.0,0.0
848,2022-08-01,COMISION BANCARIA,20.3626,0.0
849,2022-08-01,COMISION BANCARIA,1.0,0.0
850,2022-08-01,SEGUROS,1.0,1717.25
851,2022-08-01,HONORARIOS JURIDICOS,1.0,2955.71
852,2022-08-01,COMISION MIXTA,1.0,25480.29
853,2022-08-01,ARRENDAMIENTO FINANCIERO,1.0,0.0
854,2022-08-01,ARRENDAMIENTO FINANCIERO,1.0,0.0
855,2022-08-01,HONORARIOS CONTABLES,1.0,5100.01
856,2022-08-01,MTTO COMPUTO,1.0,438.48
857,2022-08-01,MTTO COMPUTO,1.0,5800.0
858,2022-08-01,PAQUETERIA,1.0,1518.09
859,2022-08-01,TELEFONO,1.0,2686.82
860,2022-08-01,MONITOREO CAMARAS ADT,1.0,1539.3
861,2022-08-01,MTTO LOCAL,1.0,529.2
862,2022-08-01,MTTO LOCAL,1.0,649.99
863,2022-08-01,MTTO COMPUTO,1.0,329.44
864,2022-08-01,MONITOREO CAMARAS ADT,1.0,0.0
865,2022-08-01,GASOLINA,1.0,10348.0
866,2022-08-01,CALIBRACIONES,1.0,0.0
867,2022-08-01,MTTO OFICINA ,1.0,1931.0
868,2022-08-01,UNIFORMES,1.0,0.0
869,2022-08-01,PAQUETERIA,1.0,0.0
870,2022-08-01,PAQUETERIA,1.0,294.02
871,2022-08-01,ALIMENTOS,1.0,4212.0
872,2022-08-01,TELEFONO,1.0,399.99
873,2022-08-01,HONORARIOS JURIDICOS,1.0,2931.56
874,2022-08-01,MTTO COMPUTO,1.0,386.28
875,2022-08-01,COMISION MIXTA,1.0,25272.06
876,2022-08-01,NO DEDUCIBLE,1.0,674.95
877,2022-08-01,RENTA COPIADORA,1.0,0.0
878,2022-08-01,CAPACITACION,1.0,5000.01
879,2022-08-01,ALIMENTOS,1.0,456.0
880,2022-08-01,NO DEDUCIBLE,1.0,1124.22
881,2022-08-01,ALIMENTOS,1.0,399.0
882,2022-08-01,PAPELERIA,1.0,65.8
883,2022-08-01,PAQUETERIA,1.0,4194.19
884,2022-08-01,SUELDOS DIRECCION,1.0,76631.51
885,2022-08-01,MEDICOS,1.0,338.0
886,2022-08-01,RENTA COPIADORA,1.0,2320.0
887,2022-08-01,GERENCIA ADMON,1.0,28600.0
888,2022-08-01,HONORARIOS PM,1.0,7830.0
889,2022-08-01,CAPACITACION,1.0,0.0
890,2022-08-01,ALIMENTOS,1.0,280.0
891,2022-08-01,NO DEDUCIBLE,1.0,1694.55
892,2022-08-01,MTTO COMPUTO,1.0,7335.84
893,2022-08-01,HONORARIOS JURIDICOS,1.0,2932.51
894,2022-08-01,COMISION MIXTA,1.0,25280.25
895,2022-08-01,ARRENDAMIENTO FINANCIERO,1.0,9126.88
896,2022-08-01,ENERGIA ELECTRICA,1.0,6374.8
897,2022-08-01,PAQUETERIA,1.0,1003.49
898,2022-08-01,PAQUETERIA,1.0,35759.44
899,2022-08-01,TELEFONO,1.0,0.0
900,2022-08-01,CAPACITACION,1.0,5204.16
901,2022-08-01,MTTO TRANSPORTE,1.0,960.0
902,2022-08-01,MTTO LOCAL,1.0,1260.36
903,2022-08-01,CREDITO ,1.0,2223.36
904,2022-08-01,PAQUETERIA,1.0,1763.97
905,2022-08-01,ARRENDAMIENTO FINANCIERO,1.0,0.0
906,2022-08-01,IMSS/INFONAVIT,1.0,22585.21
907,2022-08-01,DERECHOS,1.0,3077.0
908,2022-08-01,PAQUETERIA,1.0,179.2
909,2022-08-01,HONORARIOS JURIDICOS,1.0,2943.23
910,2022-08-01,COMISION MIXTA,1.0,25372.63
911,2022-08-01,NO DEDUCIBLE,1.0,1787.19
912,2022-08-01,MTTO LOCAL,1.0,480.0
913,2022-08-01,UNIFORMES,1.0,170.01
914,2022-08-01,PAQUETERIA,1.0,1246.41
915,2022-08-01,MTTO COMPUTO,1.0,3089.08
916,2022-08-01,ALIMENTOS,1.0,1171.0
917,2022-08-01,MENSAJERIA,1.0,226.91
918,2022-08-01,GASOLINA,1.0,701.68
919,2022-08-01,TELEFONO,1.0,0.0
920,2022-08-01,GASOLINA,1.0,5348.0
921,2022-08-01,TELEFONO,1.0,2989.92
922,2022-08-01,PUBLICIDAD,1.0,2789.8
923,2022-08-01,SEGUROS,1.0,1162.75
924,2022-08-01,ENERGIA ELECTRICA,1.0,0.0
925,2022-08-01,CASETAS,1.0,500.0
926,2022-08-01,SUSCRIPCIONES,1.0,1026.6
927,2022-08-01,SUSCRIPCIONES,1.0,-1026.6
928,2022-08-01,HONORARIOS JURIDICOS,1.0,2931.83
929,2022-08-01,COMISION MIXTA,1.0,25274.43
930,2022-08-01,GERENCIA ADMON,1.0,28600.0
931,2022-08-01,PAQUETERIA,1.0,0.0
932,2022-08-01,VALES DESPENSA,1.0,8697.2
933,2022-08-01,GASOLINA,1.0,706.8
934,2022-08-01,GASOLINA,1.0,706.8
935,2022-08-01,MTTO LOCAL,1.0,480.0
936,2022-08-01,COMISION BANCARIA,1.0,0.0
937,2022-08-01,COMISION BANCARIA,1.0,20498.5
938,2022-08-01,GASOLINA,1.0,13463.74
939,2022-09-01,MTTO LOCAL,1.0,558.5
940,2022-09-01,NO DEDUCIBLE,1.0,2510.9
941,2022-09-01,PAQUETERIA,1.0,1004.11
942,2022-09-01,MTTO COMPUTO,1.0,0.0
943,2022-09-01,PAQUETERIA,1.0,870.36
944,2022-09-01,CAPACITACION,1.0,5213.21
945,2022-09-01,FLETE,1.0,531.19
946,2022-09-01,CAPACITACION,1.0,350.0
947,2022-09-01,ARRENDAMIENTO FINANCIERO,1.0,6439.6
948,2022-09-01,ARRENDAMIENTO FINANCIERO,1.0,6440.3
949,2022-09-01,ARRENDAMIENTO FINANCIERO,1.0,9807.07
950,2022-09-01,COMISION BANCARIA,1.0,568.4
951,2022-09-01,COMISION BANCARIA,1.0,0.0
952,2022-09-01,ARRENDAMIENTO LOCAL,1.0,24786.66
953,2022-09-01,COMISION BANCARIA,1.0,0.0
954,2022-09-01,COMISION BANCARIA,20.1432,0.0
955,2022-09-01,COMISION BANCARIA,1.0,0.0
956,2022-09-01,SEGUROS,1.0,1717.25
957,2022-09-01,MONITOREO CAMARAS ADT,1.0,1539.3
958,2022-09-01,ALIMENTOS,1.0,280.0
959,2022-09-01,PUBLICIDAD,1.0,170.52
960,2022-09-01,PAPELERIA,1.0,1980.0
961,2022-09-01,PAQUETERIA,1.0,0.0
962,2022-09-01,TELEFONO,1.0,2902.99
963,2022-09-01,ARRENDAMIENTO FINANCIERO,1.0,0.0
964,2022-09-01,ARRENDAMIENTO FINANCIERO,1.0,0.0
965,2022-09-01,ARRENDAMIENTO FINANCIERO,1.0,0.0
966,2022-09-01,PAQUETERIA,1.0,0.0
967,2022-09-01,MTTO COMPUTO,1.0,893.2
968,2022-09-01,MTTO COMPUTO,1.0,29.0
969,2022-09-01,MEDICOS,1.0,338.0
970,2022-09-01,MTTO COMPUTO,1.0,767.92
971,2022-09-01,PAPELERIA,1.0,0.0
972,2022-09-01,PUBLICIDAD,1.0,185.6
973,2022-09-01,UNIFORMES,1.0,1705.2
974,2022-09-01,HONORARIOS CONTABLES,1.0,5100.01
975,2022-09-01,HONORARIOS JURIDICOS,1.0,2652.38
976,2022-09-01,COMISION MIXTA,1.0,22865.34
977,2022-09-01,MENSAJERIA,1.0,0.0
978,2022-09-01,TELEFONO,1.0,0.0
979,2022-09-01,SUSCRIPCIONES,1.0,1026.6
980,2022-09-01,SUSCRIPCIONES,1.0,-1026.6
981,2022-09-01,MTTO COMPUTO,1.0,249.01
982,2022-09-01,PAQUETERIA,1.0,1637.28
983,2022-09-01,NO DEDUCIBLE,1.0,2961.5
984,2022-09-01,MENSAJERIA,1.0,7411.89
985,2022-09-01,MTTO OFICINA ,1.0,736.37
986,2022-09-01,MTTO COMPUTO,1.0,386.28
987,2022-09-01,MTTO COMPUTO,1.0,1160.0
988,2022-09-01,PAQUETERIA,1.0,527.15
989,2022-09-01,MEDICOS,1.0,676.0
990,2022-09-01,SUBCONTRATOS,1.0,0.0
991,2022-09-01,NO DEDUCIBLE,1.0,2095.54
992,2022-09-01,PAQUETERIA,1.0,0.0
993,2022-09-01,HONORARIOS JURIDICOS,1.0,3032.48
994,2022-09-01,COMISION MIXTA,1.0,26142.03
995,2022-09-01,MTTO LOCAL,1.0,3166.8
996,2022-09-01,SUELDOS DIRECCION,1.0,42516.64
997,2022-09-01,GASOLINA,1.0,500.0
998,2022-09-01,SUSCRIPCIONES,1.0,189.6
999,2022-09-01,RENTA COPIADORA,1.0,0.0
1000,2022-09-01,GERENCIA ADMON,1.0,28600.0
1001,2022-09-01,PAQUETERIA,1.0,1223.72
1002,2022-09-01,PAPELERIA,1.0,1624.0
1003,2022-09-01,NO DEDUCIBLE,1.0,577.0
1004,2022-09-01,ENERGIA ELECTRICA,1.0,6093.64
1005,2022-09-01,RENTA COPIADORA,1.0,2320.0
1006,2022-09-01,DERECHOS,1.0,4110.0
1007,2022-09-01,MTTO COMPUTO,1.0,7335.84
1008,2022-09-01,MTTO COMPUTO,1.0,2436.0
1009,2022-09-01,CREDITO ,1.0,2172.23
1010,2022-09-01,CAPACITACION,1.0,0.0
1011,2022-09-01,NO DEDUCIBLE,1.0,99.0
1012,2022-09-01,MTTO COMPUTO,1.0,0.0
1013,2022-09-01,PAQUETERIA,1.0,117.91
1014,2022-09-01,PAQUETERIA,1.0,104.95
1015,2022-09-01,CAPACITACION,1.0,5204.16
1016,2022-09-01,HONORARIOS JURIDICOS,1.0,2674.04
1017,2022-09-01,COMISION MIXTA,1.0,23052.08
1018,2022-09-01,ALIMENTOS,1.0,252.0
1019,2022-09-01,PAQUETERIA,1.0,0.0
1020,2022-09-01,PAQUETERIA,1.0,480.75
1021,2022-09-01,NO DEDUCIBLE,1.0,127.99
1022,2022-09-01,GASOLINA,1.0,500.0
1023,2022-09-01,SUSCRIPCIONES,1.0,-189.6
1024,2022-09-01,NO DEDUCIBLE,1.0,280.0
1025,2022-09-01,PAQUETERIA,1.0,755.17
1026,2022-09-01,SUSCRIPCIONES,1.0,-189.6
1027,2022-09-01,GASOLINA,1.0,10348.0
1028,2022-09-01,PAPELERIA,1.0,477.0
1029,2022-09-01,PAQUETERIA,1.0,265.74
1030,2022-09-01,MENSAJERIA,1.0,585.74
1031,2022-09-01,TELEFONO,1.0,0.0
1032,2022-09-01,MTTO COMPUTO,1.0,3089.08
1033,2022-09-01,MTTO LOCAL,1.0,249.4
1034,2022-09-01,IMSS/INFONAVIT,1.0,41145.41
1035,2022-09-01,MTTO COMPUTO,1.0,0.0
1036,2022-09-01,PAQUETERIA,1.0,912.92
1037,2022-09-01,ALIMENTOS,1.0,399.0
1038,2022-09-01,PAQUETERIA,1.0,0.0
1039,2022-09-01,PAPELERIA,1.0,333.0
1040,2022-09-01,PAQUETERIA,1.0,0.0
1041,2022-09-01,PAQUETERIA,1.0,546.15
1042,2022-09-01,PAQUETERIA,1.0,154.7
1043,2022-09-01,CAPACITACION,1.0,2296.8
1044,2022-09-01,VALES DESPENSA,1.0,7674.0
1045,2022-09-01,HONORARIOS JURIDICOS,1.0,2553.06
1046,2022-09-01,PAQUETERIA,1.0,0.0
1047,2022-09-01,COMISION MIXTA,1.0,22009.17
1048,2022-09-01,PAQUETERIA,1.0,0.0
1049,2022-09-01,PAQUETERIA,1.0,250.49
1050,2022-09-01,ARRENDAMIENTO LOCAL,1.0,24786.66
1051,2022-09-01,NO DEDUCIBLE,1.0,1931.4
1052,2022-09-01,NO DEDUCIBLE,1.0,1509.0
1053,2022-09-01,NO DEDUCIBLE,1.0,756.25
1054,2022-09-01,ENERGIA ELECTRICA,1.0,0.0
1055,2022-09-01,GERENCIA ADMON,1.0,28600.0
1056,2022-09-01,PAQUETERIA,1.0,362.81
1057,2022-09-01,PAQUETERIA,1.0,541.45
1058,2022-09-01,PAQUETERIA,1.0,288.69
1059,2022-09-01,COMISION BANCARIA,1.0,0.0
1060,2022-09-01,COMISION BANCARIA,1.0,19516.61
1061,2022-09-01,GASOLINA,1.0,10657.92
1062,2022-10-01,TELEFONO,1.0,2989.92
1063,2022-10-01,ARRENDAMIENTO FINANCIERO,1.0,6439.6
1064,2022-10-01,ARRENDAMIENTO FINANCIERO,1.0,6440.3
1065,2022-10-01,ARRENDAMIENTO FINANCIERO,1.0,9807.07
1066,2022-10-01,PAPELERIA,1.0,998.5
1067,2022-10-01,SEGUROS,1.0,1717.25
1068,2022-10-01,CAPACITACION,1.0,5213.21
1069,2022-10-01,NO DEDUCIBLE,1.0,390.0
1070,2022-10-01,ARRENDAMIENTO FINANCIERO,1.0,0.0
1071,2022-10-01,ARRENDAMIENTO FINANCIERO,1.0,0.0
1072,2022-10-01,ARRENDAMIENTO FINANCIERO,1.0,0.0
1073,2022-10-01,COMISION BANCARIA,1.0,0.0
1074,2022-10-01,COMISION BANCARIA,20.1271,0.0
1075,2022-10-01,COMISION BANCARIA,1.0,0.0
1076,2022-10-01,HONORARIOS CONTABLES,1.0,5100.01
1077,2022-10-01,HONORARIOS JURIDICOS,1.0,2932.17
1078,2022-10-01,MTTO COMPUTO,1.0,438.48
1079,2022-10-01,COMISION MIXTA,1.0,25277.31
1080,2022-10-01,TELEFONO,1.0,2667.2
1081,2022-10-01,MTTO LOCAL,1.0,118.51
1082,2022-10-01,MTTO COMPUTO,1.0,329.44
1083,2022-10-01,COMISION BANCARIA,1.0,568.4
1084,2022-10-01,COMISION BANCARIA,1.0,0.0
1085,2022-10-01,SEGUROS,1.0,0.0
1086,2022-10-01,PAQUETERIA,1.0,0.0
1087,2022-10-01,MONITOREO CAMARAS ADT,1.0,1539.3
1088,2022-10-01,MONITOREO CAMARAS ADT,1.0,0.0
1089,2022-10-01,PAQUETERIA,1.0,0.0
1090,2022-10-01,PAQUETERIA,1.0,0.0
1091,2022-10-01,MTTO COMPUTO,1.0,1136.8
1092,2022-10-01,CAPACITACION,1.0,0.0
1093,2022-10-01,ALIMENTOS,1.0,168.0
1094,2022-10-01,PAPELERIA,1.0,-349.5
1095,2022-10-01,MTTO COMPUTO,1.0,0.0
1096,2022-10-01,MTTO COMPUTO,1.0,386.28
1097,2022-10-01,NO DEDUCIBLE,1.0,99.0
1098,2022-10-01,SANITIZACION,1.0,2262.0
1099,2022-10-01,UNIFORMES,1.0,749.41
1100,2022-10-01,HONORARIOS JURIDICOS,1.0,2852.75
1101,2022-10-01,MTTO TRANSPORTE,1.0,1940.0
1102,2022-10-01,COMISION MIXTA,1.0,24592.65
1103,2022-10-01,SUELDOS DIRECCION,1.0,59054.92
1104,2022-10-01,SUELDOS DIRECCION,1.0,59054.92
1105,2022-10-01,RENTA COPIADORA,1.0,2320.0
1106,2022-10-01,GASOLINA,1.0,10348.0
1107,2022-10-01,PAQUETERIA,1.0,210.82
1108,2022-10-01,NO DEDUCIBLE,1.0,1079.28
1109,2022-10-01,PAPELERIA,1.0,2352.19
1110,2022-10-01,DERECHOS,1.0,270.0
1111,2022-10-01,GERENCIA ADMON,1.0,15253.33
1112,2022-10-01,GERENCIA ADMON,1.0,13346.66
1113,2022-10-01,PAQUETERIA,1.0,1549.54
1114,2022-10-01,NO DEDUCIBLE,1.0,299.0
1115,2022-10-01,ALIMENTOS,1.0,399.0
1116,2022-10-01,SUSCRIPCIONES,1.0,1095.04
1117,2022-10-01,SUSCRIPCIONES,1.0,-1095.04
1118,2022-10-01,MENSAJERIA,1.0,224.77
1119,2022-10-01,COMISION MIXTA,1.0,24936.48
1120,2022-10-01,CALIBRACIONES,1.0,0.0
1121,2022-10-01,IMSS/INFONAVIT,1.0,19745.95
1122,2022-10-01,HONORARIOS JURIDICOS,1.0,2892.63
1123,2022-10-01,MTTO COMPUTO,1.0,7335.84
1124,2022-10-01,CREDITO ,1.0,2120.45
1125,2022-10-01,CAPACITACION,1.0,5204.16
1126,2022-10-01,GASOLINA,1.0,961.38
1127,2022-10-01,MONITOREO CAMARAS ADT,1.0,694.84
1128,2022-10-01,MTTO LOCAL,1.0,249.4
1129,2022-10-01,DERECHOS,1.0,3095.0
1130,2022-10-01,PAQUETERIA,1.0,2041.73
1131,2022-10-01,NO DEDUCIBLE,1.0,3330.46
1132,2022-10-01,PAQUETERIA,1.0,0.0
1133,2022-10-01,MTTO COMPUTO,1.0,3089.08
1134,2022-10-01,MTTO LOCAL,1.0,325.7
1135,2022-10-01,RENTA COPIADORA,1.0,0.0
1136,2022-10-01,COMISION MIXTA,1.0,24228.06
1137,2022-10-01,ALIMENTOS,1.0,210.0
1138,2022-10-01,GASOLINA,1.0,1402.08
1139,2022-10-01,MTTO COMPUTO,1.0,0.0
1140,2022-10-01,HONORARIOS JURIDICOS,1.0,2810.45
1141,2022-10-01,GASOLINA,1.0,1000.14
1142,2022-10-01,GASOLINA,1.0,479.8
1143,2022-10-01,GASOLINA,1.0,1053.93
1144,2022-10-01,CASETAS,1.0,708.0
1145,2022-10-01,CASETAS,1.0,94.0
1146,2022-10-01,CASETAS,1.0,38.0
1147,2022-10-01,PEAJES,1.0,276.0
1148,2022-10-01,PEAJES,1.0,258.0
1149,2022-10-01,CASETAS,1.0,116.0
1150,2022-10-01,HONORARIOS JURIDICOS,1.0,1500.01
1151,2022-10-01,PAQUETERIA,1.0,1912.5
1152,2022-10-01,VALES DESPENSA,1.0,7162.4
1153,2022-10-01,PEAJES,1.0,240.0
1154,2022-10-01,PEAJES,1.0,312.0
1155,2022-10-01,TELEFONO,1.0,0.0
1156,2022-10-01,PEAJES,1.0,256.0
1157,2022-10-01,GERENCIA ADMON,1.0,28600.0
1158,2022-10-01,TELEFONO,1.0,2989.92
1159,2022-10-01,TELEFONO,1.0,399.99
1160,2022-10-01,MENSAJERIA,1.0,0.0
1161,2022-10-01,MENSAJERIA,1.0,0.0
1162,2022-10-01,HONORARIOS PM,1.0,27368.43
1163,2022-10-01,NO DEDUCIBLE,1.0,6585.11
1164,2022-10-01,NO DEDUCIBLE,1.0,2933.45
1165,2022-10-01,MTTO COMPUTO,1.0,3758.4
1166,2022-10-01,MTTO COMPUTO,1.0,2578.68
1167,2022-10-01,COMISION BANCARIA,1.0,0.0
1168,2022-10-01,COMISION BANCARIA,1.0,20734.37
1169,2022-10-01,GASOLINA,1.0,10085.41
1170,2022-11-01,MTTO LOCAL,1.0,870.0
1171,2022-11-01,CAPACITACION,1.0,0.0
1172,2022-11-01,CAPACITACION,1.0,5213.21
1173,2022-11-01,COMISION MIXTA,1.0,23283.28
1174,2022-11-01,ARRENDAMIENTO FINANCIERO,1.0,6439.6
1175,2022-11-01,ARRENDAMIENTO FINANCIERO,1.0,6440.3
1176,2022-11-01,ARRENDAMIENTO FINANCIERO,1.0,9807.07
1177,2022-11-01,COMISION BANCARIA,1.0,568.4
1178,2022-11-01,COMISION BANCARIA,1.0,0.0
1179,2022-11-01,HONORARIOS CONTABLES,1.0,5100.0
1180,2022-11-01,SEGUROS,1.0,1717.25
1181,2022-11-01,HONORARIOS JURIDICOS,1.0,2700.86
1182,2022-11-01,RENTA COPIADORA,1.0,0.0
1183,2022-11-01,PAQUETERIA,1.0,739.96
1184,2022-11-01,TELEFONO,1.0,2666.13
1185,2022-11-01,MTTO COMPUTO,1.0,438.48
1186,2022-11-01,CAPACITACION,1.0,350.0
1187,2022-11-01,MONITOREO CAMARAS ADT,1.0,1684.32
1188,2022-11-01,ARRENDAMIENTO FINANCIERO,1.0,0.0
1189,2022-11-01,ARRENDAMIENTO FINANCIERO,1.0,0.0
1190,2022-11-01,ARRENDAMIENTO FINANCIERO,1.0,0.0
1191,2022-11-01,COMISION BANCARIA,1.0,0.0
1192,2022-11-01,COMISION BANCARIA,19.8103,0.0
1193,2022-11-01,COMISION BANCARIA,1.0,0.0
1194,2022-11-01,PAQUETERIA,1.0,0.0
1195,2022-11-01,ALIMENTOS,1.0,399.0
1196,2022-11-01,MTTO LOCAL,1.0,630.0
1197,2022-11-01,SUSCRIPCIONES,1.0,1095.04
1198,2022-11-01,SUSCRIPCIONES,1.0,-1095.04
1199,2022-11-01,UNIFORMES,1.0,375.83
1200,2022-11-01,MTTO COMPUTO,1.0,329.44
1201,2022-11-01,MONITOREO CAMARAS ADT,1.0,0.0
1202,2022-11-01,PUBLICIDAD,1.0,6936.8
1203,2022-11-01,MTTO LOCAL,1.0,480.0
1204,2022-11-01,MTTO COMPUTO,1.0,386.28
1205,2022-11-01,COMISION MIXTA,1.0,23269.38
1206,2022-11-01,GASOLINA,1.0,5348.0
1207,2022-11-01,MTTO COMPUTO,1.0,0.0
1208,2022-11-01,HONORARIOS JURIDICOS,1.0,2699.25
1209,2022-11-01,MENSAJERIA,1.0,0.0
1210,2022-11-01,PAQUETERIA,1.0,1579.95
1211,2022-11-01,MTTO COMPUTO,1.0,59.0
1212,2022-11-01,ALIMENTOS,1.0,252.0
1213,2022-11-01,NO DEDUCIBLE,1.0,439.0
1214,2022-11-01,MTTO OFICINA ,1.0,580.0
1215,2022-11-01,GERENCIA ADMON,1.0,28600.0
1216,2022-11-01,CAPACITACION,1.0,5204.16
1217,2022-11-01,COMISION MIXTA,1.0,21630.09
1218,2022-11-01,MTTO OFICINA ,1.0,699.0
1219,2022-11-01,RENTA COPIADORA,1.0,2320.0
1220,2022-11-01,MTTO TRANSPORTE,1.0,60.0
1221,2022-11-01,MTTO COMPUTO,1.0,7335.84
1222,2022-11-01,VARIOS,1.0,2900.0
1223,2022-11-01,HONORARIOS JURIDICOS,1.0,2509.09
1224,2022-11-01,DERECHOS,1.0,5282.0
1225,2022-11-01,TELEFONO,1.0,0.0
1226,2022-11-01,PAQUETERIA,1.0,1761.51
1227,2022-11-01,SUELDOS DIRECCION,1.0,51538.65
1228,2022-11-01,CREDITO ,1.0,2068.01
1229,2022-11-01,MTTO LOCAL,1.0,634.08
1230,2022-11-01,MTTO OFICINA ,1.0,129.48
1231,2022-11-01,COMISION MIXTA,1.0,20162.63
1232,2022-11-01,PAQUETERIA,1.0,434.44
1233,2022-11-01,HONORARIOS JURIDICOS,1.0,2338.87
1234,2022-11-01,MTTO COMPUTO,1.0,3089.08
1235,2022-11-01,HONORARIOS JURIDICOS,1.0,1500.01
1236,2022-11-01,TELEFONO,1.0,0.0
1237,2022-11-01,CAPACITACION,1.0,5278.0
1238,2022-11-01,GASOLINA,1.0,10348.0
1239,2022-11-01,GASOLINA,1.0,1143.19
1240,2022-11-01,GASOLINA,1.0,1000.0
1241,2022-11-01,GASOLINA,1.0,500.0
1242,2022-11-01,IMSS/INFONAVIT,1.0,38288.81
1243,2022-11-01,NO DEDUCIBLE,1.0,3830.45
1244,2022-11-01,DERECHOS,1.0,3100.0
1245,2022-11-01,MTTO COMPUTO,1.0,0.0
1246,2022-11-01,TELEFONO,1.0,2989.92
1247,2022-11-01,GERENCIA ADMON,1.0,28600.0
1248,2022-11-01,PAPELERIA,1.0,974.4
1249,2022-11-01,VALES DESPENSA,1.0,162.4
1250,2022-11-01,COMISION MIXTA,1.0,21644.35
1251,2022-11-01,ALIMENTOS,1.0,210.0
1252,2022-11-01,PAQUETERIA,1.0,0.0
1253,2022-11-01,HONORARIOS JURIDICOS,1.0,2510.74
1254,2022-11-01,COMISION BANCARIA,1.0,0.0
1255,2022-11-01,GASOLINA,1.0,11156.68
1256,2022-11-01,COMISION BANCARIA,1.0,19585.32
1257,2022-12-01,ARRENDAMIENTO FINANCIERO,1.0,6439.6
1258,2022-12-01,ARRENDAMIENTO FINANCIERO,1.0,6440.3
1259,2022-12-01,ARRENDAMIENTO FINANCIERO,1.0,9807.07
1260,2022-12-01,PAQUETERIA,1.0,2135.16
1261,2022-12-01,CAPACITACION,1.0,5213.21
1262,2022-12-01,VARIOS,1.0,2475.0
1263,2022-12-01,COMISION BANCARIA,1.0,568.4
1264,2022-12-01,COMISION BANCARIA,1.0,0.0
1265,2022-12-01,ALIMENTOS,1.0,4698.0
1266,2022-12-01,SEGUROS,1.0,1717.25
1267,2022-12-01,COMISION BANCARIA,1.0,0.0
1268,2022-12-01,COMISION BANCARIA,19.3081,0.0
1269,2022-12-01,TELEFONO,1.0,3001.32
1270,2022-12-01,VARIOS,1.0,300.0
1271,2022-12-01,VARIOS,1.0,90.0
1272,2022-12-01,ARRENDAMIENTO FINANCIERO,1.0,0.0
1273,2022-12-01,ARRENDAMIENTO FINANCIERO,1.0,0.0
1274,2022-12-01,ARRENDAMIENTO FINANCIERO,1.0,0.0
1275,2022-12-01,VARIOS,1.0,1999.0
1276,2022-12-01,VARIOS,1.0,369.0
1277,2022-12-01,VARIOS,1.0,599.0
1278,2022-12-01,ALIMENTOS,1.0,283.0
1279,2022-12-01,VARIOS,1.0,258.0
1280,2022-12-01,VARIOS,1.0,795.6
1281,2022-12-01,MTTO COMPUTO,1.0,767.92
1282,2022-12-01,MONITOREO CAMARAS ADT,1.0,1684.32
1283,2022-12-01,MTTO COMPUTO,1.0,2578.68
1284,2022-12-01,VARIOS,1.0,398.99
1285,2022-12-01,GASOLINA,1.0,608.16
1286,2022-12-01,COMISION MIXTA,1.0,21533.08
1287,2022-12-01,VARIOS,1.0,719.1
1288,2022-12-01,COMISION BANCARIA,1.0,0.0
1289,2022-12-01,HONORARIOS CONTABLES,1.0,5100.0
1290,2022-12-01,CAPACITACION,1.0,0.0
1291,2022-12-01,VARIOS,1.0,2772.0
1292,2022-12-01,TELEFONO,1.0,0.0
1293,2022-12-01,SUSCRIPCIONES,1.0,1095.04
1294,2022-12-01,CREDITO ,1.0,2068.01
1295,2022-12-01,PAQUETERIA,1.0,1720.52
1296,2022-12-01,HONORARIOS JURIDICOS,1.0,2497.84
1297,2022-12-01,VARIOS,1.0,2154.69
1298,2022-12-01,ALIMENTOS,1.0,299.0
1299,2022-12-01,VARIOS,1.0,3329.0
1300,2022-12-01,VARIOS,1.0,1665.0
1301,2022-12-01,MENSAJERIA,1.0,31204.36
1302,2022-12-01,MENSAJERIA,1.0,791.41
1303,2022-12-01,RENTA COPIADORA,1.0,2320.0
1304,2022-12-01,VARIOS,1.0,4679.1
1305,2022-12-01,ALIMENTOS,1.0,399.0
1306,2022-12-01,VARIOS,1.0,780.0
1307,2022-12-01,MTTO COMPUTO,1.0,386.28
1308,2022-12-01,SUELDOS DIRECCION,1.0,49968.17
1309,2022-12-01,GASTOS IMPORTACION ,1.0,5687.81
1310,2022-12-01,COMISION MIXTA,1.0,21799.95
1311,2022-12-01,MTTO LOCAL,1.0,1113.6
1312,2022-12-01,HONORARIOS PM,1.0,546.65
1313,2022-12-01,HONORARIOS JURIDICOS,1.0,2528.79
1314,2022-12-01,CAPACITACION,1.0,5204.16
1315,2022-12-01,GERENCIA ADMON,1.0,28600.0
1316,2022-12-01,PAQUETERIA,1.0,799.9
1317,2022-12-01,RENTA COPIADORA,1.0,0.0
1318,2022-12-01,MTTO COMPUTO,1.0,7335.84
1319,2022-12-01,MTTO LOCAL,1.0,158.0
1320,2022-12-01,PAQUETERIA,1.0,0.0
1321,2022-12-01,TELEFONO,1.0,0.0
1322,2022-12-01,ALIMENTOS,1.0,264.0
1323,2022-12-01,VARIOS,1.0,936.61
1324,2022-12-01,COMISION MIXTA,1.0,37324.88
1325,2022-12-01,MTTO LOCAL,1.0,823.81
1326,2022-12-01,CREDITO ,1.0,2014.9
1327,2022-12-01,HONORARIOS JURIDICOS,1.0,4329.69
1328,2022-12-01,VARIOS,1.0,2013.44
1329,2022-12-01,HONORARIOS PM,1.0,27368.43
1330,2022-12-01,SUELDOS DIRECCION,1.0,28409.98
1331,2022-12-01,DERECHOS,1.0,4532.0
1332,2022-12-01,PAQUETERIA,1.0,279.91
1333,2022-12-01,COMISION MIXTA,1.0,20891.65
1334,2022-12-01,NO DEDUCIBLE,1.0,5982.05
1335,2022-12-01,RENTA COPIADORA,1.0,0.0
1336,2022-12-01,GASOLINA,1.0,10348.0
1337,2022-12-01,GERENCIA ADMON,1.0,28600.0
1338,2022-12-01,PAPELERIA,1.0,455.6
1339,2022-12-01,HONORARIOS JURIDICOS,1.0,2423.43
1340,2022-12-01,COMISION MIXTA,1.0,23345.25
1341,2022-12-01,PAQUETERIA,1.0,2418.62
1342,2022-12-01,VARIOS,1.0,1199.0
1343,2022-12-01,HONORARIOS JURIDICOS,1.0,2708.05
1344,2022-12-01,VARIOS,1.0,1299.0
1345,2022-12-01,VARIOS,1.0,1199.0
1346,2022-12-01,IMSS/INFONAVIT,1.0,20299.31
1347,2022-12-01,PAQUETERIA,1.0,0.0
1348,2022-12-01,VALES DESPENSA,1.0,7162.4
1349,2022-12-01,MENSAJERIA,1.0,0.0
1350,2022-12-01,MTTO COMPUTO,1.0,3089.08
1351,2022-12-01,MTTO COMPUTO,1.0,0.0
1352,2022-12-01,MTTO COMPUTO,1.0,0.0
1353,2022-12-01,NO DEDUCIBLE,1.0,4235.69
1354,2022-12-01,GASTOS IMPORTACION ,1.0,0.0
1355,2022-12-01,TELEFONO,1.0,2989.92
1356,2022-12-01,PAQUETERIA,1.0,2105.19
1357,2022-12-01,CAPACITACION,1.0,0.0
1358,2022-12-01,GASOLINA,1.0,11449.6
1359,2022-12-01,COMISION BANCARIA,1.0,0.0
1360,2022-12-01,COMISION BANCARIA,1.0,17826.62
